{
    "inputMessageMetadata": {
        "messagePayload": {
            "connectorName": "Web_Service_Consumer",
            "typeId": "getBankDetailsRequest"
        },
        "flowVariables": {
            "customerIdVariable": {
                "connectorName": "Web_Service_Consumer",
                "typeId": "getBankDetailsRequest"
            }
        }
    },
    "outputMessageMetadata": {
        "messagePayload": {}
    },
    "id": "7bce1aa3-e69d-4e81-bb79-19164861b7df",
    "version": "5.2.0.0"
}