{
    "accountList": {
        "statements": [
             "accountId": "1357902468",  
	        "statementId": "ST875376081768363584636",
	        "statementDate": "2017-12-31",
	        "description": "Savings Account"
        ],
        "statements": [
             "accountId": "1357902468",
	            "statementId": "ST875376081768363584637",
	            "statementDate": "2018-02-01",
	            "description": "Savings Account"
        ]
		"statements": [
             "accountId": "1357902468",
	            "statementId": "ST875376081768363584638",
	            "statementDate": "2018-03-02",
	            "description": "Savings Account"
        ]
    }
}
