<?xml version="1.0" encoding="UTF-8"?>

<mule xmlns:validation="http://www.mulesoft.org/schema/mule/validation" xmlns:ws="http://www.mulesoft.org/schema/mule/ws" xmlns:dw="http://www.mulesoft.org/schema/mule/ee/dw" xmlns:metadata="http://www.mulesoft.org/schema/mule/metadata" xmlns:http="http://www.mulesoft.org/schema/mule/http" xmlns:tracking="http://www.mulesoft.org/schema/mule/ee/tracking" xmlns="http://www.mulesoft.org/schema/mule/core" xmlns:doc="http://www.mulesoft.org/schema/mule/documentation"
	xmlns:spring="http://www.springframework.org/schema/beans" 
	xmlns:xsi="http://www.w3.org/2001/XMLSchema-instance"
	xsi:schemaLocation="http://www.springframework.org/schema/beans http://www.springframework.org/schema/beans/spring-beans-current.xsd
http://www.mulesoft.org/schema/mule/core http://www.mulesoft.org/schema/mule/core/current/mule.xsd
http://www.mulesoft.org/schema/mule/http http://www.mulesoft.org/schema/mule/http/current/mule-http.xsd
http://www.mulesoft.org/schema/mule/ee/tracking http://www.mulesoft.org/schema/mule/ee/tracking/current/mule-tracking-ee.xsd
http://www.mulesoft.org/schema/mule/ee/dw http://www.mulesoft.org/schema/mule/ee/dw/current/dw.xsd
http://www.mulesoft.org/schema/mule/ws http://www.mulesoft.org/schema/mule/ws/current/mule-ws.xsd
http://www.mulesoft.org/schema/mule/validation http://www.mulesoft.org/schema/mule/validation/current/mule-validation.xsd">
    <http:request-config name="HTTP_Request_Configuration" doc:name="HTTP Request Configuration"/>
    <flow name="getFlightsFlow">
        <http:listener config-ref="HTTP_Listener_Configuration" path="/flights" allowedMethods="GET" doc:name="HTTP"/>
        <set-variable variableName="airline" value="#[message.inboundProperties.'http.query.params'.airline]" doc:name="Set airline variable"/>
        <flow-ref name="setCodeSubflow" doc:name="setCodeSubflow"/>
        <validation:is-not-empty message="You must pass the destination as a query parameter called code" exceptionClass="java.lang.IllegalArgumentException" value="#[flowVars.code]" doc:name="Validation"/>
        <choice doc:name="Choice">
            <when expression="#[flowVars.airline == &quot;delta&quot;]">
                <flow-ref name="getDeltaFlightsFlow" doc:name="getDeltaFlightsFlow"/>
            </when>
            <when expression="#[flowVars.airline == &quot;united&quot;]">
                <flow-ref name="getUnitedFlightsFlow" doc:name="getUnitedFlightsFlow"/>
            </when>
            <when expression="#[flowVars.airline == &quot;american&quot;]">
                <flow-ref name="getAmericanFlightsFlow" doc:name="getAmericanFlightsFlow"/>
            </when>
            <otherwise>
                <flow-ref name="getAllAirlineFlightsFlow" doc:name="getAllAirlineFlightsFlow"/>
            </otherwise>
        </choice>
        <dw:transform-message doc:name="Transform Message">
            <dw:set-payload><![CDATA[%dw 1.0
%output application/json
---
flatten payload]]></dw:set-payload>
        </dw:transform-message>
        <dw:transform-message doc:name="Transform Message">
            <dw:set-payload><![CDATA[%dw 1.0
%output application/json
---
payload orderBy $.price]]></dw:set-payload>
        </dw:transform-message>
        <logger level="INFO" doc:name="Logger"/>
        <choice-exception-strategy doc:name="Choice Exception Strategy">
            <catch-exception-strategy when="#[exception.causeMatches('com.mulesoft.weave.*')]" doc:name="No flights &#8211; DW exception">
                <set-payload value="NO FLIGHTS to #[flowVars.code + '\n' + exception]" doc:name="Set Payload"/>
                <set-property propertyName="http.status" value="400" doc:name="Property"/>
                <logger level="INFO" doc:name="Logger"/>
            </catch-exception-strategy>
            <catch-exception-strategy doc:name="Data unavailable &#8211; all other exceptions">
                <set-payload value="DATA IS UNAVAILABLE. TRY LATER. #['\n' + exception]" doc:name="Set Payload"/>
                <set-property propertyName="http.status" value="500" doc:name="Property"/>
                <logger level="INFO" doc:name="Logger"/>
            </catch-exception-strategy>
        </choice-exception-strategy>
    </flow>
    <flow name="getDeltaFlightsFlow">
        <dw:transform-message doc:name="Transform Message">
            <dw:set-payload><![CDATA[%dw 1.0
%output application/xml
%namespace ns0 http://soap.training.mulesoft.com/
---
{
	ns0#findFlight: {
		destination: flowVars.code as :string
	}
}]]></dw:set-payload>
        </dw:transform-message>
        <ws:consumer config-ref="Delta_Web_Service_Consumer" operation="findFlight" doc:name="Delta SOAP Request"/>
        <dw:transform-message doc:name="Transform Message" metadata:id="3bfeaf8c-b4e1-4743-a4c7-7e00e5d1576a">
            <dw:input-payload doc:sample="sample_data\findFlightResponse.xml"/>
            <dw:set-payload><![CDATA[%dw 1.0
%output application/java
%namespace ns0 http://soap.training.mulesoft.com/
---
payload.ns0#findFlightResponse.*return map ((return , indexOfReturn) -> {
	airlineName: return.airlineName,
	availableSeats: return.emptySeats,
	departureDate: return.departureDate,
	destination: return.destination,
	flightCode: return.code,
	origination: return.origin,
	planeType: return.planeType,
	price: return.price
} as :object {
	class : "com.mulesoft.training.Flight"
})]]></dw:set-payload>
        </dw:transform-message>
        <logger level="INFO" doc:name="Logger"/>
    </flow>
    <sub-flow name="setCodeSubflow">
        <set-variable variableName="code" value="#[message.inboundProperties.'http.query.params'.code]" doc:name="Set airport code"/>
    </sub-flow>
    <flow name="getUnitedFlightsFlow">
        <http:request config-ref="United_REST_Request_Configuration" path="/essentials/united/flights/{destination}" method="GET" doc:name="United REST Request" metadata:id="0e41da4e-2898-4608-82fc-d0e8ce232219">
            <http:request-builder>
                <http:uri-param paramName="destination" value="#[flowVars.code]"/>
            </http:request-builder>
        </http:request>
        <dw:transform-message doc:name="Transform Message" metadata:id="d85dc523-0bd9-4efa-94d7-140784c8c765">
            <dw:input-payload doc:sample="united-flights-example.json"/>
            <dw:set-payload><![CDATA[%dw 1.0
%output application/java
---
payload.flights map ((flight , indexOfFlight) -> {
	airlineName: flight.airlineName,
	availableSeats: flight.emptySeats,
	departureDate: flight.departureDate,
	destination: flight.destination,
	flightCode: flight.code,
	origination: flight.origin,
	planeType: flight.planeType,
	price: flight.price
} as :object {
	class : "com.mulesoft.training.Flight"
})]]></dw:set-payload>
        </dw:transform-message>
        <logger level="INFO" doc:name="Logger"/>
    </flow>
    <flow name="getAmericanFlightsFlow">
        <http:listener config-ref="HTTP_Listener_Configuration" path="/american" allowedMethods="GET" doc:name="HTTP"/>
        <flow-ref name="setCodeSubflow" doc:name="setCodeSubflow"/>
        <http:request config-ref="American_HTTP_Request_Configuration" path="/flights" method="GET" doc:name="American REST Request">
            <http:request-builder>
                <http:query-param paramName="code" value="#[flowVars.code]"/>
            </http:request-builder>
        </http:request>
        <dw:transform-message doc:name="Transform Message" metadata:id="299801dd-1208-485b-8fb7-646c5c014491">
            <dw:input-payload doc:sample="sample_data\list_json.json"/>
            <dw:set-payload><![CDATA[%dw 1.0
%output application/java
---
payload map ((payload01 , indexOfPayload01) -> {
	airlineName: "American",
	availableSeats: payload01.emptySeats,
	departureDate: payload01.departureDate,
	destination: payload01.destination,
	flightCode: payload01.code,
	origination: payload01.origin,
	planeType: payload01.plane.type,
	price: payload01.price
} as :object {
	class : "com.mulesoft.training.Flight"
})]]></dw:set-payload>
        </dw:transform-message>
    </flow>
    <flow name="getAllAirlineFlightsFlow">
        <scatter-gather doc:name="Scatter-Gather">
            <processor-chain>
                <flow-ref name="getDeltaFlightsFlow" doc:name="getDeltaFlightsFlow"/>
                <filter ref="Filter_Not_ArrayList" doc:name="Filter Reference"/>
            </processor-chain>
            <processor-chain>
                <flow-ref name="getUnitedFlightsFlow" doc:name="getUnitedFlightsFlow"/>
                <filter ref="Filter_Not_ArrayList" doc:name="Filter Reference"/>
            </processor-chain>
            <processor-chain>
                <flow-ref name="getAmericanFlightsFlow" doc:name="getAmericanFlightsFlow"/>
                <filter ref="Filter_Not_ArrayList" doc:name="Filter Reference"/>
            </processor-chain>

        </scatter-gather>
        <dw:transform-message doc:name="Transform Message" metadata:id="34fa7135-dcdc-454f-87e8-10fc5e718356">
            <dw:input-payload mimeType="application/java"/>
            <dw:set-payload><![CDATA[%dw 1.0
%output application/java
---
flatten payload]]></dw:set-payload>
        </dw:transform-message>

        <logger level="INFO" doc:name="Logger"/>
    </flow>
    <flow name="postFlightFlow">
        <http:listener config-ref="HTTP_Listener_Configuration" path="/flights" allowedMethods="POST" doc:name="HTTP" metadata:id="27ee00a2-13ed-4973-bc28-926491c3fba6"/>
        <dw:transform-message doc:name="Transform Message">
            <dw:input-payload doc:sample="flight-example.json"/>
            <dw:set-payload resource="classpath:json_flight_playground.dwl"/>
            <dw:set-variable variableName="xml"><![CDATA[%dw 1.0
%output application/java
---
{
}]]></dw:set-variable>
        </dw:transform-message>
        <logger level="INFO" doc:name="Logger"/>
    </flow>
    <flow name="postMultipleFlightsFlow">
        <http:listener config-ref="HTTP_Listener_Configuration" path="/multipleflights" allowedMethods="POST" doc:name="HTTP" metadata:id="e6dc326a-c3a1-4908-9b92-7ee1a1f77135"/>
        <dw:transform-message doc:name="Transform Message" metadata:id="8f5a824d-ac44-406e-aab2-a720408a0c7f">
            <dw:input-payload doc:sample="flights-example.json" mimeType="application/json"/>
            <dw:set-payload><![CDATA[%dw 1.0
%output application/json
---
flights: {(payload.ns0#listAllFlightsResponse.*return map
	{
		flight: {
			dest: $.destination,
			price: $.price,
			plane: $.planeType
		}
	}
)}]]></dw:set-payload>
        </dw:transform-message>
        <logger level="INFO" doc:name="Logger"/>
    </flow>
</mule>
