<?xml version="1.0" encoding="UTF-8"?>

<mule xmlns:json="http://www.mulesoft.org/schema/mule/json" xmlns:ws="http://www.mulesoft.org/schema/mule/ws" xmlns:amqp="http://www.mulesoft.org/schema/mule/amqp" xmlns:cluster="http://www.mulesoft.org/schema/mule/ee/cluster" xmlns:http="http://www.mulesoft.org/schema/mule/http" xmlns="http://www.mulesoft.org/schema/mule/core" xmlns:doc="http://www.mulesoft.org/schema/mule/documentation"
	xmlns:spring="http://www.springframework.org/schema/beans" 
	xmlns:xsi="http://www.w3.org/2001/XMLSchema-instance"
	xsi:schemaLocation="http://www.springframework.org/schema/beans http://www.springframework.org/schema/beans/spring-beans-current.xsd
http://www.mulesoft.org/schema/mule/core http://www.mulesoft.org/schema/mule/core/current/mule.xsd
http://www.mulesoft.org/schema/mule/http http://www.mulesoft.org/schema/mule/http/current/mule-http.xsd
http://www.mulesoft.org/schema/mule/amqp http://www.mulesoft.org/schema/mule/amqp/current/mule-amqp.xsd
http://www.mulesoft.org/schema/mule/ws http://www.mulesoft.org/schema/mule/ws/current/mule-ws.xsd
http://www.mulesoft.org/schema/mule/json http://www.mulesoft.org/schema/mule/json/current/mule-json.xsd">
    <configuration defaultExceptionStrategy-ref="Choice_Exception_Strategy" doc:name="Configuration">
        <http:config useTransportForUris="false"/>
    </configuration>
    <!-- <amqp:connector name="AMQP_0_9_Connector" validateConnections="true" host="woodpecker.rmq.cloudamqp.com" virtualHost="hwrlwncl" username="hwrlwncl" password="IDe1uZAqbTc6t0-Mf7Ma8hNwkhs8lZyu" doc:name="AMQP-0-9 Connector"/> -->
    <http:listener-config name="HTTP_Listener_Configuration" host="0.0.0.0" port="8081"  doc:name="HTTP Listener Configuration"/>
    <choice-exception-strategy name="Choice_Exception_Strategy">
        <catch-exception-strategy doc:name="Bad Request" when="#[exception.causedBy(java.lang.IllegalArgumentException)]">
            <set-property propertyName="http.status" value="400" mimeType="application/json" doc:name="Property"/>
            <set-payload value="{           &quot;code&quot;:  #[message.outboundProperties['http.status']],         &quot;message&quot; : &quot;#[exception.message]&quot;  }
" doc:name="Set Payload" mimeType="application/json"/>
            <logger level="INFO" doc:name="Logger"/>
        </catch-exception-strategy>
        <catch-exception-strategy doc:name="Resource Not Found" when="#[exception.causedBy(org.mule.module.apikit.exception.NotFoundException) ]">
            <set-property propertyName="http.status" value="404" doc:name="Property" mimeType="application/json"/>
            <set-payload value="{           &quot;code&quot;:  #[message.outboundProperties['http.status']],         &quot;message&quot; : &quot;#[exception.message]&quot;  }" doc:name="Set Payload" mimeType="application/json"/>
            <logger level="INFO" doc:name="Logger"/>
        </catch-exception-strategy>
        <catch-exception-strategy doc:name="Method Not Allowed" when="#[exception.causedBy(org.mule.module.apikit.exception.MethodNotAllowedException)]">
            <set-property propertyName="http.status" value="405" doc:name="Property" mimeType="application/json"/>
            <set-payload value="{           &quot;code&quot;:  #[message.outboundProperties['http.status']],         &quot;message&quot; : &quot;#[exception.message]&quot;  }" doc:name="Set Payload" mimeType="application/json"/>
            <logger level="INFO" doc:name="Logger"/>
        </catch-exception-strategy>
        <catch-exception-strategy doc:name="Internal Server Error">
            <set-property propertyName="http.status" value="500" doc:name="Property" mimeType="application/json"/>
            <set-payload value="{           &quot;code&quot;:  #[message.outboundProperties['http.status']],         &quot;message&quot; : &quot;#[exception.message]&quot;  }" doc:name="Set Payload" mimeType="application/json"/>
            <logger level="INFO" doc:name="Logger"/>
        </catch-exception-strategy>
    </choice-exception-strategy>
</mule>
