<?xml version="1.0" encoding="UTF-8"?>

<mule xmlns:ws="http://www.mulesoft.org/schema/mule/ws" xmlns:amqp="http://www.mulesoft.org/schema/mule/amqp" xmlns:validation="http://www.mulesoft.org/schema/mule/validation" xmlns:dw="http://www.mulesoft.org/schema/mule/ee/dw" xmlns:metadata="http://www.mulesoft.org/schema/mule/metadata" xmlns:db="http://www.mulesoft.org/schema/mule/db" xmlns:json="http://www.mulesoft.org/schema/mule/json" xmlns:http="http://www.mulesoft.org/schema/mule/http" xmlns:tracking="http://www.mulesoft.org/schema/mule/ee/tracking" xmlns="http://www.mulesoft.org/schema/mule/core" xmlns:doc="http://www.mulesoft.org/schema/mule/documentation"
	xmlns:spring="http://www.springframework.org/schema/beans" 
	xmlns:xsi="http://www.w3.org/2001/XMLSchema-instance"
	xsi:schemaLocation="http://www.springframework.org/schema/beans http://www.springframework.org/schema/beans/spring-beans-current.xsd
http://www.mulesoft.org/schema/mule/core http://www.mulesoft.org/schema/mule/core/current/mule.xsd
http://www.mulesoft.org/schema/mule/http http://www.mulesoft.org/schema/mule/http/current/mule-http.xsd
http://www.mulesoft.org/schema/mule/ee/tracking http://www.mulesoft.org/schema/mule/ee/tracking/current/mule-tracking-ee.xsd
http://www.mulesoft.org/schema/mule/db http://www.mulesoft.org/schema/mule/db/current/mule-db.xsd
http://www.mulesoft.org/schema/mule/json http://www.mulesoft.org/schema/mule/json/current/mule-json.xsd
http://www.mulesoft.org/schema/mule/ee/dw http://www.mulesoft.org/schema/mule/ee/dw/current/dw.xsd
http://www.mulesoft.org/schema/mule/validation http://www.mulesoft.org/schema/mule/validation/current/mule-validation.xsd
http://www.mulesoft.org/schema/mule/amqp http://www.mulesoft.org/schema/mule/amqp/current/mule-amqp.xsd
http://www.mulesoft.org/schema/mule/ws http://www.mulesoft.org/schema/mule/ws/current/mule-ws.xsd">
    <db:mysql-config name="MySQL_Configuration" host="localhost" port="3306" user="root" password="root" database="stargate_test" doc:name="MySQL Configuration"/>
    <ws:consumer-config name="Web_Service_Consumer" wsdlLocation="bankdetails.wsdl" service="BankDetailPortService" port="BankDetailPortSoap11" serviceAddress="http://34.236.109.151:8000/ws" doc:name="Web Service Consumer"/>
    <sub-flow name="InputValidationFlow">
        <validation:is-not-empty doc:name="AccountIDValidation" exceptionClass="java.lang.IllegalArgumentException" message="Account ID should not empty" value="#[message.inboundProperties.'http.query.params'.accountId]">
        </validation:is-not-empty>
    </sub-flow>
   <!--  <flow name="rabbitMQSubFlow">
        <object-to-string-transformer doc:name="Object to String"/>
        <amqp:outbound-endpoint queueName="RabbitQueue" responseTimeout="10000" exchange-pattern="request-response" doc:name="AMQP-0-9"/>
    </flow> -->
    <flow name="getStatementFlow">
        <flow-ref name="InputValidationFlow" doc:name="inputValidationFlow"/>
        <db:select config-ref="MySQL_Configuration" doc:name="Database">
            <db:parameterized-query><![CDATA[select asd.AccountId,st.StatementId, st.Description,st.StatementDate
from  account acc, accountdescriptor asd, statement st 
where st.AccountId = asd.AccountId and acc.AccDescriptorId = asd.AccountDescriptorId 
and  st.AccountId= #[message.inboundProperties.'http.query.params'.accountId] 
and st.StatementDate between #[message.inboundProperties.'http.query.params'.startTime]  
and #[message.inboundProperties.'http.query.params'.endTime]]]></db:parameterized-query>
        </db:select>
        <logger message="#[payload]" level="INFO" doc:name="Logger"/>
        <choice doc:name="Choice">
            <when expression="#[payload.size()&lt;=0]">
                <set-payload value="No Data Found" doc:name="Set Payload"/>
                <logger level="INFO" doc:name="Logger"/>
            </when>
            <otherwise>
                <scatter-gather doc:name="Scatter-Gather">
                    <custom-aggregation-strategy class="com.example.demo.CustomAggregator"/>
                    <!-- <flow-ref name="rabbitMQSubFlow" doc:name="rabbitMQSubFlow"/> -->
                    <logger message="#[payload]" level="INFO" doc:name="Logger"/>
                    <flow-ref name="soapServiceConsumption" doc:name="soapServiceConsumption"/>
                </scatter-gather>
            </otherwise>
        </choice>
    </flow>    
    <flow name="soapServiceConsumption">
        <db:select config-ref="MySQL_Configuration" doc:name="Database">
            <db:parameterized-query><![CDATA[select CustomerId from accountdescriptor
where AccountId = #[message.inboundProperties.'http.query.params'.accountId]]]></db:parameterized-query>
        </db:select>
        <set-variable variableName="CustomerId" value="#[payload.CustomerId]" doc:name="Variable"/>
        <dw:transform-message doc:name="Transform Message" metadata:id="fff4545c-b9b4-422f-a218-8ca6121f68ef">
            <dw:input-payload/>
            <dw:input-variable variableName="CustomerId"/>
            <dw:set-payload><![CDATA[%dw 1.0
%output application/xml
%namespace ns0 http://bank-web-service
---
{
	
	ns0#getBankDetailsRequest: {
	ns0#customerId: payload.CustomerId[0]
	
} 
}]]></dw:set-payload>
        </dw:transform-message>
        <ws:consumer config-ref="Web_Service_Consumer" operation="getBankDetails" doc:name="Web Service Consumer"/>

        <dw:transform-message doc:name="Transform Message" metadata:id="d1b5ab03-ea12-478d-8462-c8721248b69d">
            <dw:set-payload><![CDATA[%dw 1.0
%output application/json
%namespace ns0 http://bank-web-service
---
[{
	bank: {
		bankName: payload.ns0#getBankDetailsResponse.ns0#bank.ns0#bankName,
		branch: {
			branchName: payload.ns0#getBankDetailsResponse.ns0#bank.ns0#branch.ns0#branchName,
			ifsc: payload.ns0#getBankDetailsResponse.ns0#bank.ns0#branch.ns0#ifsc,
			address: payload.ns0#getBankDetailsResponse.ns0#bank.ns0#branch.ns0#address,
			city: payload.ns0#getBankDetailsResponse.ns0#bank.ns0#branch.ns0#city,
			state: payload.ns0#getBankDetailsResponse.ns0#bank.ns0#branch.ns0#state,
			country: payload.ns0#getBankDetailsResponse.ns0#bank.ns0#branch.ns0#country,
			zip: payload.ns0#getBankDetailsResponse.ns0#bank.ns0#branch.ns0#zip,
			telephone: payload.ns0#getBankDetailsResponse.ns0#bank.ns0#branch.ns0#telephone,
			email: payload.ns0#getBankDetailsResponse.ns0#bank.ns0#branch.ns0#email
		}

	}
}]]]></dw:set-payload>
        </dw:transform-message>
        <logger level="INFO" doc:name="Logger" message="SOAP : #[payload]"/>
    </flow>
   
    </mule>
